WOJ;IMIĘ_PIERWSZE;LICZBA_WYSTĄPIEŃ
02;ZUZANNA;381
02;HANNA;332
02;ZOFIA;331
02;MAJA;318
02;POLA;279
02;JULIA;267
02;LAURA;256
02;OLIWIA;245
02;EMILIA;216
02;ALICJA;209
02;KLARA;205
02;MICHALINA;204
02;AMELIA;204
02;LENA;201
02;MARIA;198
02;ANTONINA;185
02;IGA;173
02;HELENA;171
02;LILIANA;157
02;WIKTORIA;151
02;ALEKSANDRA;147
02;MARCELINA;135
02;NELA;132
02;MIA;128
02;ANNA;116
02;ŁUCJA;113
02;NADIA;110
02;LILIANNA;109
02;JAGODA;107
02;KORNELIA;104
02;GABRIELA;98
02;MILENA;96
02;NATALIA;92
02;KAJA;88
02;BLANKA;88
02;NINA;86
02;RÓŻA;80
02;KAROLINA;71
02;WERONIKA;71
02;MATYLDA;66
02;AURELIA;63
02;ANIELA;63
02;SARA;62
02;ANASTAZJA;62
02;ROZALIA;58
02;BIANKA;57
02;BARBARA;56
02;LIWIA;55
02;GAJA;54
02;MARTYNA;53
02;JAŚMINA;49
02;WANDA;47
02;MAGDALENA;47
02;ELIZA;46
02;EWA;44
02;SOFIA;42
02;MILANA;41
02;AGATA;41
02;KALINA;41
02;SOFIIA;40
02;ZOJA;39
02;NIKOLA;39
02;NEL;35
02;ADRIANNA;34
02;KINGA;34
02;MARIANNA;33
02;APOLONIA;32
02;MELANIA;32
02;DOMINIKA;30
02;LIDIA;30
02;IDA;29
02;EMMA;28
02;MAŁGORZATA;28
02;JOANNA;28
02;OLIVIA;28
02;DARIA;26
02;ALISA;26
02;LILA;26
02;DIANA;26
02;ADELINA;25
02;IZABELA;25
02;URSZULA;24
02;LEA;24
02;LUIZA;23
02;LARA;22
02;JADWIGA;22
02;MARTA;22
02;ZLATA;22
02;LILIA;21
02;JAGNA;21
02;POLINA;20
02;SOLOMIIA;18
02;NOEMI;17
02;FELICJA;17
02;KLAUDIA;17
02;ADELA;16
02;MALWINA;16
02;VICTORIA;16
02;KATARZYNA;15
02;STEFANIA;15
02;JANINA;15
02;KIRA;15
02;OLIVIIA;14
02;ARINA;14
02;PAULINA;14
02;MONIKA;14
02;MILA;14
02;EMILIIA;13
02;ADA;13
02;TERESA;13
02;KAMILA;12
02;MARIKA;12
02;ELŻBIETA;12
02;INGA;12
02;CELINA;12
02;KRYSTYNA;12
02;YEVA;11
02;MARLENA;11
02;VIKTORIIA;11
02;TOLA;11
02;ALINA;11
02;AURORA;11
02;RITA;11
02;ELENA;11
02;DOROTA;11
02;EVA;10
02;ESTERA;10
02;SANDRA;10
02;IRENA;9
02;MIRA;9
02;JUSTYNA;9
02;PATRYCJA;9
02;AMINA;9
02;LIA;9
02;NAOMI;9
02;EWELINA;9
02;VARVARA;9
02;VIKTORIA;9
02;VERONIKA;9
02;FLORENTYNA;8
02;ARIANA;8
02;MYROSLAVA;8
02;OLGA;8
02;SOLOMIA;8
02;VANESSA;8
02;JULIANNA;8
02;AGNIESZKA;8
02;MARIIA;7
02;SYLWIA;7
02;ANASTASIIA;7
02;KARINA;7
02;MELISA;7
02;IZABELLA;7
02;NIKA;7
02;OLEKSANDRA;7
02;ALEXANDRA;7
02;CARMEN;7
02;MIIA;6
02;MICHELLE;6
02;LUCYNA;6
02;LILLY;6
02;EMILY;6
02;DALIA;6
02;ULIANA;6
02;FLORA;6
02;FRANCISZKA;6
02;NIKOL;6
02;EVELINA;6
02;INEZ;6
02;NICOLE;6
02;MELISSA;6
02;WALERIA;5
02;ADRIANA;5
02;NASTIA;5
02;MIJA;5
02;MAYA;5
02;NICOLA;5
02;ADELIA;5
02;ANETA;5
02;MIRIAM;5
02;NATASZA;5
02;ANITA;5
02;INES;5
02;ANASTASIA;5
02;ANGELINA;5
02;WIOLETTA;5
02;LIVIA;5
02;ESTER;5
02;HIACYNTA;5
02;LILI;5
02;ROKSANA;5
02;SONIA;5
02;YELYZAVETA;5
02;ZOE;5
02;GLORIA;4
02;MIŁOSŁAWA;4
02;AMELIIA;4
02;LILY;4
02;IDALIA;4
02;MALINA;4
02;DANIELA;4
02;JUDYTA;4
02;OKTAWIA;4
02;LARYSA;4
02;SOPHIA;4
02;NELIA;4
02;ELIANA;4
02;JULITA;4
02;ARIA;4
02;KSENIA;4
02;LUNA;4
02;PAULA;4
02;JOWITA;4
02;LETYCJA;4
02;GABRIELLA;3
02;INKA;3
02;DOBRAWA;3
02;MARGARITA;3
02;STELLA;3
02;JANA;3
02;SABINA;3
02;KATERYNA;3
02;ADEL;3
02;CATALEYA;3
02;BIANCA;3
02;GRACJA;3
02;JASMINA;3
02;MARIETTA;3
02;SELENA;3
02;ULYANA;3
02;LILLA;3
02;BOZHENA;3
02;CLAUDIA;3
02;JOLANTA;3
02;HANIA;3
02;DAGMARA;3
02;DAMIRA;3
02;PIA;3
02;SOLOMIYA;3
02;MARCELA;3
02;ABIGAIL;3
02;ADELAJDA;3
02;VALERIA;3
02;KAYA;3
02;OLIMPIA;3
02;KONSTANCJA;3
02;YAROSLAVA;3
02;HANA;3
02;ELEONORA;3
02;AYLA;3
02;SIMONA;3
02;ANTONIA;3
02;YANA;3
02;LUCY;2
02;MARIE;2
02;ILONA;2
02;MIYA;2
02;SOPHIE;2
02;CHARLOTTE;2
02;VALENTINA;2
02;NELL;2
02;IRIS;2
02;KORA;2
02;BEATA;2
02;VASILISA;2
02;VITALINA;2
02;TAMARA;2
02;ERIKA;2
02;MANUELA;2
02;VALERIIA;2
02;JASMIN;2
02;OTYLIA;2
02;POLIANA;2
02;ANEŽKA;2
02;ELISABETTA;2
02;SORAYA;2
02;STEFANIIA;2
02;DANUTA;2
02;VIOLETTA;2
02;ELINA;2
02;MELA;2
02;ISABELLA;2
02;VLADISLAVA;2
02;ARIANNA;2
02;MIKA;2
02;YELIZAVETA;2
02;NADZIEJA;2
02;ALICE;2
02;IRMINA;2
02;AMILIA;2
02;WARWARA;2
02;LUCIANA;2
02;MAIIA;2
02;SOFIYA;2
02;ARIADNA;2
02;TULIA;2
02;RUT;2
02;EMILI;2
02;JÓZEFINA;2
02;ELISA;2
02;DANA;2
02;VERA;2
02;MILANIA;2
02;TAIA;2
02;ANIKA;2
02;OLENA;2
02;KHRYSTYNA;2
02;NATALIIA;2
02;LEONIA;2
02;CIRILLA;2
02;HANNAH;2
02;NILA;2
02;RENATA;2
02;ROMA;2
02;FAUSTYNA;2
02;VIVIENNE;2
02;LEYLA;2
02;STANISŁAWA;2
02;AFINA;2
02;AMANDA;2
02;LINA;2
02;ZARA;2
02;GAYA;2
02;OLA;2
02;LAYLA;2
02;ELLA;2
02;DARYNA;2
02;IVANNA;2
02;WANESSA;2
02;BOŻENA;2
02;VERONICA;2
02;ISADORA;2
02;ZOYA;2
02;CARLA;2
02;MARIANA;2
02;ROSA;2
02;OFELIA;2
02;GAIA;2
02;CECYLIA;2
02;BOGNA;2
02;FRANCESCA;2
02;VLADYSLAVA;2
04;ZUZANNA;269
04;ZOFIA;264
04;LAURA;246
04;MAJA;223
04;POLA;214
04;OLIWIA;199
04;JULIA;198
04;ALICJA;189
04;HANNA;180
04;LENA;178
04;AMELIA;160
04;KLARA;154
04;IGA;153
04;MARIA;152
04;MICHALINA;149
04;MARCELINA;144
04;HELENA;143
04;EMILIA;133
04;WIKTORIA;128
04;ANTONINA;123
04;BLANKA;119
04;KORNELIA;112
04;LILIANA;108
04;LILIANNA;108
04;ŁUCJA;107
04;GABRIELA;101
04;NELA;94
04;NADIA;93
04;ANASTAZJA;80
04;MIA;80
04;ANNA;77
04;JAGODA;68
04;ROZALIA;61
04;NINA;60
04;KAJA;57
04;ALEKSANDRA;57
04;AGATA;56
04;AURELIA;54
04;RÓŻA;54
04;MATYLDA;52
04;LIWIA;52
04;MARTYNA;49
04;WERONIKA;47
04;NATALIA;47
04;MELANIA;42
04;ANIELA;42
04;ELIZA;41
04;NIKOLA;40
04;BARBARA;39
04;SARA;35
04;URSZULA;34
04;KINGA;34
04;MARIANNA;33
04;ADRIANNA;32
04;BIANKA;31
04;IZABELA;29
04;MILENA;27
04;MAGDALENA;26
04;GAJA;24
04;OLGA;24
04;KAROLINA;23
04;ZOJA;23
04;JAŚMINA;23
04;WANDA;23
04;MAŁGORZATA;21
04;MARTA;20
04;LUIZA;19
04;CELINA;18
04;NEL;18
04;JOANNA;18
04;KALINA;18
04;APOLONIA;17
04;LIDIA;17
04;JAGNA;16
04;STEFANIA;15
04;KATARZYNA;14
04;LARA;14
04;DOMINIKA;14
04;PAULINA;14
04;IDA;14
04;SOFIIA;13
04;LEA;13
04;PATRYCJA;13
04;DARIA;13
04;ELENA;13
04;SOFIA;12
04;EWA;12
04;KLAUDIA;12
04;FELICJA;12
04;LILIA;11
04;EMMA;10
04;DAGMARA;10
04;VICTORIA;10
04;TERESA;10
04;ALINA;10
04;RITA;10
04;LILA;9
04;JADWIGA;9
04;MAYA;9
04;DOROTA;8
04;DIANA;8
04;KAMILA;8
04;ADA;8
04;POLINA;7
04;AGNIESZKA;7
04;NASTIA;7
04;SABINA;7
04;OLIVIA;7
04;JANINA;6
04;NIKOL;6
04;MALWINA;6
04;MONIKA;6
04;SANDRA;6
04;FRANCISZKA;6
04;MILA;6
04;ADELA;6
04;ZLATA;6
04;VANESSA;6
04;VARVARA;6
04;AURORA;6
04;INES;6
04;INGA;6
04;CARMEN;6
04;ROKSANA;6
04;LILLY;5
04;MILANA;5
04;ARINA;5
04;ADELINA;5
04;CECYLIA;5
04;GLORIA;5
04;EMILY;5
04;MARLENA;5
04;LILI;5
04;NICOLA;5
04;DALIA;5
04;MELISA;5
04;LETYCJA;4
04;IDALIA;4
04;LUNA;4
04;ALISA;4
04;OKTAWIA;4
04;JUDYTA;4
04;INKA;4
04;LILY;4
04;IRENA;4
04;FLORENTYNA;4
04;INEZ;4
04;IZABELLA;4
04;MARIKA;4
04;OTYLIA;4
04;JESSICA;4
04;KIRA;4
04;ESTERA;3
04;AMANDA;3
04;SOLOMIIA;3
04;MIIA;3
04;ANASTASIA;3
04;MARCJANNA;3
04;ELIZABETH;3
04;OLEKSANDRA;3
04;TOLA;3
04;WANESSA;3
04;MARIIA;3
04;KARINA;3
04;SOPHIE;3
04;ARIANA;3
04;VERONIKA;3
04;JÓZEFINA;3
04;JULIANNA;3
04;KRYSTYNA;3
04;EWELINA;3
04;NOEMI;3
04;KONSTANCJA;3
04;HALINA;3
04;JULITA;3
04;EDYTA;3
04;ELŻBIETA;3
04;NIKA;3
04;EMILIIA;3
04;SONIA;3
04;LIA;3
04;ANITA;2
04;RENATA;2
04;ULA;2
04;LARYSA;2
04;GAIA;2
04;MAIA;2
04;STANISŁAWA;2
04;ANTONIA;2
04;SELENA;2
04;TATIANA;2
04;NASTAZJA;2
04;APOLLONIA;2
04;VIKTORIIA;2
04;MELISSA;2
04;IZA;2
04;FATIMA;2
04;AVRORA;2
04;PAULA;2
04;JUSTYNA;2
04;ANETA;2
04;MYROSLAVA;2
04;ROMA;2
04;ZOE;2
04;BOGUMIŁA;2
04;LUCYNA;2
04;KSENIA;2
04;VIKTORIA;2
04;WALERIA;2
04;BOGNA;2
04;MAGDA;2
04;SYLWIA;2
04;DANUTA;2
04;AMINA;2
04;SOLOMIA;2
04;NADZIEJA;2
04;LANA;2
04;VLADYSLAVA;2
04;CATALEYA;2
04;LUCIA;2
04;BOŻENA;2
04;IWONA;2
04;ARIELA;2
04;LIVIA;2
06;HANNA;270
06;LAURA;269
06;ALICJA;240
06;ZOFIA;228
06;ZUZANNA;228
06;JULIA;225
06;MAJA;218
06;OLIWIA;194
06;POLA;178
06;ANTONINA;170
06;LENA;151
06;WIKTORIA;147
06;MARCELINA;145
06;MARIA;139
06;AMELIA;137
06;KLARA;133
06;ALEKSANDRA;127
06;MICHALINA;127
06;IGA;122
06;EMILIA;111
06;ŁUCJA;102
06;GABRIELA;100
06;HELENA;99
06;KORNELIA;99
06;LILIANA;96
06;NATALIA;87
06;JAGODA;83
06;NELA;77
06;RÓŻA;71
06;ANNA;68
06;BLANKA;66
06;NADIA;66
06;NIKOLA;63
06;KAJA;60
06;ANIELA;59
06;LILIANNA;54
06;ROZALIA;54
06;ANASTAZJA;51
06;WERONIKA;50
06;MILENA;49
06;SARA;45
06;KAROLINA;43
06;MARTYNA;40
06;MIA;40
06;NINA;39
06;ADRIANNA;38
06;LIWIA;38
06;BARBARA;37
06;AURELIA;32
06;MATYLDA;29
06;IZABELA;25
06;MAŁGORZATA;24
06;LIDIA;24
06;KLAUDIA;23
06;DIANA;22
06;APOLONIA;22
06;JOANNA;22
06;MARIANNA;21
06;MAGDALENA;21
06;MALWINA;21
06;DARIA;20
06;AGATA;20
06;KINGA;20
06;ELIZA;19
06;KATARZYNA;18
06;JAŚMINA;17
06;WANDA;17
06;MELANIA;16
06;ELENA;15
06;ADA;14
06;KAMILA;14
06;NEL;14
06;DOMINIKA;14
06;PAULINA;13
06;EWA;13
06;STEFANIA;13
06;SANDRA;12
06;IDA;11
06;MARTA;11
06;KALINA;11
06;FELICJA;10
06;RITA;10
06;URSZULA;10
06;LILA;9
06;JAGNA;9
06;LUIZA;9
06;OLIVIA;9
06;SOFIA;9
06;CELINA;9
06;BIANKA;9
06;EMMA;8
06;SOFIIA;8
06;LARA;8
06;ZOJA;8
06;LILIA;8
06;OLGA;8
06;ADELA;8
06;VICTORIA;7
06;MARIKA;7
06;DAGMARA;7
06;JUSTYNA;7
06;DOROTA;7
06;NOEMI;7
06;LEA;6
06;GAJA;6
06;JADWIGA;6
06;KARINA;6
06;MARLENA;6
06;TOLA;6
06;FRANCISZKA;5
06;ADELINA;5
06;LILI;5
06;AMANDA;5
06;PATRYCJA;5
06;JULITA;5
06;KRYSTYNA;5
06;EWELINA;5
06;SOPHIE;4
06;MILA;4
06;KONSTANCJA;4
06;INGA;4
06;OTYLIA;4
06;ESTERA;4
06;MILANA;4
06;ELŻBIETA;4
06;ANITA;4
06;HANNAH;4
06;ALINA;4
06;IDALIA;3
06;SABINA;3
06;ALISA;3
06;MAGDA;3
06;INES;3
06;ZLATA;3
06;EVA;3
06;AMIRA;3
06;TERESA;3
06;CARMEN;3
06;JANINA;3
06;POLINA;3
06;JUDYTA;3
06;MIRIAM;3
06;INKA;3
06;JOWITA;3
06;AURORA;2
06;LETYCJA;2
06;JESSICA;2
06;MARIIA;2
06;GLORIA;2
06;LIA;2
06;SYLWIA;2
06;KIRA;2
06;LEYLA;2
06;KAYA;2
06;HALSZKA;2
06;EVELINA;2
06;LILLA;2
06;MIYA;2
06;LAILA;2
06;BEATA;2
06;EUGENIA;2
06;VIKTORIIA;2
06;OLA;2
06;BLANCA;2
06;JULIANNA;2
06;SOLOMIJA;2
06;AGNIESZKA;2
06;HONORATA;2
06;ANGELINA;2
06;LIVIA;2
06;MONIKA;2
06;DANA;2
06;JASMINA;2
06;PATRICIA;2
06;MAYA;2
06;MIŁOSŁAWA;2
06;BOGUMIŁA;2
06;SŁAWA;2
06;HIACYNTA;2
06;ELIANA;2
06;LEONIA;2
06;MIRA;2
06;MARYLA;2
06;NAOMI;2
06;CHLOÉ;2
06;ZUZA;2
06;OFELIA;2
06;AMINA;2
06;DALIA;2
06;VIVIEN;2
08;POLA;129
08;ZOFIA;121
08;MAJA;109
08;ZUZANNA;108
08;LAURA;107
08;HANNA;97
08;JULIA;86
08;OLIWIA;85
08;AMELIA;79
08;MICHALINA;79
08;MARIA;75
08;EMILIA;69
08;ANTONINA;68
08;LENA;65
08;MARCELINA;59
08;WIKTORIA;57
08;ALICJA;57
08;KLARA;56
08;NELA;47
08;IGA;46
08;BLANKA;44
08;MIA;43
08;LILIANA;39
08;KAJA;39
08;ŁUCJA;39
08;GABRIELA;39
08;HELENA;38
08;LILIANNA;37
08;ALEKSANDRA;37
08;ANNA;36
08;NADIA;36
08;RÓŻA;32
08;JAGODA;32
08;SARA;32
08;ROZALIA;30
08;LIWIA;25
08;KORNELIA;25
08;AURELIA;23
08;WERONIKA;22
08;NINA;21
08;ANASTAZJA;21
08;MILANA;19
08;NATALIA;19
08;ELIZA;19
08;MILENA;17
08;JAŚMINA;17
08;AGATA;16
08;SOFIA;16
08;BARBARA;16
08;ZOJA;15
08;KALINA;15
08;GAJA;15
08;BIANKA;14
08;NIKOLA;14
08;ANIELA;14
08;KATARZYNA;13
08;OLIVIA;13
08;MARTYNA;13
08;JAGNA;13
08;MARIANNA;13
08;MATYLDA;13
08;EMMA;12
08;ZLATA;11
08;EVA;11
08;ADRIANNA;11
08;KIRA;11
08;DIANA;10
08;LILIA;10
08;LIDIA;10
08;DOMINIKA;10
08;IDA;10
08;LILA;10
08;MAŁGORZATA;10
08;KAROLINA;10
08;MAGDALENA;10
08;JOANNA;10
08;KINGA;9
08;URSZULA;8
08;MARTA;8
08;FELICJA;8
08;NEL;8
08;LARA;7
08;EWA;7
08;MELANIA;7
08;EMILIIA;7
08;PATRYCJA;7
08;MILA;6
08;OLGA;6
08;APOLONIA;6
08;IZABELA;6
08;KLAUDIA;6
08;LEA;6
08;VICTORIA;5
08;VIKTORIA;5
08;EWELINA;5
08;MARIIA;5
08;ADELA;5
08;PAULINA;5
08;INES;5
08;CELINA;5
08;AURORA;5
08;MALWINA;5
08;VERONIKA;5
08;ADELINA;5
08;LIVIA;5
08;WANDA;5
08;NOEMI;5
08;NICOLE;5
08;POLINA;4
08;ELENA;4
08;ALINA;4
08;INA;4
08;LUNA;4
08;SOLOMIIA;4
08;DARIA;4
08;IZABELLA;4
08;VIKTORIIA;4
08;LUIZA;4
08;CARMEN;4
08;OLEKSANDRA;4
08;DANIELA;3
08;ZOSIA;3
08;INGA;3
08;ARINA;3
08;SOFIIA;3
08;KRISTINA;3
08;INEZ;3
08;STEFANIA;3
08;KATERYNA;3
08;MALINA;3
08;KLEMENTYNA;3
08;MIIA;3
08;ULIANA;3
08;SOFIJA;3
08;ROKSANA;3
08;GLORIA;3
08;JUSTYNA;3
08;MYROSLAVA;3
08;EVELINA;3
08;KAMILA;3
08;OLIVIIA;3
08;OKTAWIA;3
08;ZOE;3
08;RITA;3
08;ARIANNA;2
08;MELISSA;2
08;ANASTASIIA;2
08;LISA;2
08;JANINA;2
08;DANUTA;2
08;TERESA;2
08;VIVIANA;2
08;VARVARA;2
08;VIVIENNE;2
08;ANHELINA;2
08;SANDRA;2
08;ABIGAIL;2
08;ANASTASIA;2
08;ANGELINA;2
08;GRETA;2
08;LEIA;2
08;SOLOMIYA;2
08;SYLWIA;2
08;MAGDA;2
08;NAOMI;2
08;LILLY;2
08;KARINA;2
08;DOROTA;2
08;DAGMARA;2
08;MIYA;2
08;ALEXANDRA;2
08;DEBORA;2
08;BOŻENA;2
08;LILY;2
08;YEVA;2
08;IRENA;2
08;EMILY;2
08;JOWITA;2
08;VLADYSLAVA;2
08;NIKOL;2
08;MIROSLAWA;2
08;EMILI;2
08;DARYNA;2
08;MARIETTA;2
08;DALIA;2
08;MAYA;2
08;TOLA;2
08;STELLA;2
08;PAULA;2
08;KRYSTYNA;2
08;ELIZABETH;2
08;ALISA;2
08;ISABELLA;2
10;LAURA;304
10;HANNA;286
10;JULIA;282
10;ZOFIA;280
10;ZUZANNA;279
10;MAJA;270
10;OLIWIA;246
10;POLA;229
10;ALICJA;214
10;LENA;201
10;MARIA;194
10;ANTONINA;172
10;IGA;162
10;AMELIA;162
10;WIKTORIA;162
10;HELENA;158
10;LILIANA;153
10;MARCELINA;149
10;KORNELIA;146
10;MICHALINA;134
10;NELA;132
10;BLANKA;122
10;KLARA;120
10;NATALIA;104
10;GABRIELA;103
10;ALEKSANDRA;98
10;ŁUCJA;98
10;NADIA;94
10;ANNA;90
10;NIKOLA;88
10;EMILIA;86
10;JAGODA;85
10;KAJA;71
10;BARBARA;62
10;MIA;60
10;LILIANNA;60
10;SARA;57
10;WERONIKA;56
10;ANASTAZJA;55
10;AURELIA;55
10;RÓŻA;51
10;ANIELA;49
10;ROZALIA;47
10;MATYLDA;41
10;ADRIANNA;39
10;KAROLINA;38
10;LIWIA;37
10;NINA;35
10;WANDA;35
10;AGATA;34
10;SOFIIA;34
10;JAŚMINA;31
10;ZOJA;31
10;ELIZA;31
10;BIANKA;29
10;APOLONIA;27
10;MAGDALENA;26
10;GAJA;26
10;MILENA;26
10;KATARZYNA;25
10;JOANNA;25
10;MARIANNA;25
10;MARTYNA;23
10;URSZULA;23
10;DIANA;22
10;KINGA;22
10;KALINA;22
10;MILANA;21
10;LIDIA;21
10;IDA;21
10;EMMA;20
10;LILIA;19
10;KLAUDIA;19
10;EWA;19
10;MELANIA;19
10;LUIZA;18
10;DOMINIKA;17
10;ADA;16
10;NEL;16
10;ELENA;16
10;MAŁGORZATA;15
10;ALISA;15
10;MALWINA;15
10;SANDRA;15
10;DOROTA;14
10;PAULINA;14
10;IZABELA;14
10;SOFIA;13
10;STEFANIA;13
10;EMILIIA;13
10;LARA;12
10;OLIVIIA;12
10;AMELIIA;12
10;LEA;11
10;TOLA;11
10;DARIA;11
10;YEVA;11
10;MARIIA;10
10;KAMILA;10
10;OLIVIA;10
10;LILA;10
10;KIRA;10
10;ZLATA;10
10;JAGNA;9
10;MARIKA;9
10;MARTA;9
10;CELINA;9
10;EVELINA;9
10;PATRYCJA;9
10;ADELINA;9
10;ALINA;9
10;LUCYNA;9
10;VERONIKA;9
10;ARINA;8
10;NIKOL;8
10;SOLOMIIA;8
10;FELICJA;8
10;OLEKSANDRA;8
10;MIIA;8
10;JANINA;7
10;KARINA;7
10;SONIA;7
10;EVA;7
10;JADWIGA;7
10;POLINA;7
10;FLORENTYNA;7
10;AURORA;6
10;VIKTORIIA;6
10;SOPHIE;6
10;LUNA;6
10;ADELA;6
10;MELISA;6
10;EWELINA;6
10;VICTORIA;6
10;MILA;6
10;ROKSANA;6
10;OLGA;5
10;KRYSTYNA;5
10;ESTERA;5
10;LILI;5
10;LILY;5
10;INEZ;5
10;NOEMI;5
10;STELLA;4
10;MONIKA;4
10;LILLY;4
10;JULIANNA;4
10;MELANIIA;4
10;MIRA;4
10;FRANCISZKA;4
10;RITA;4
10;JÓZEFINA;4
10;JUDYTA;4
10;AMINA;4
10;JOWITA;4
10;LIVIA;4
10;ELŻBIETA;4
10;LEONIA;4
10;INGA;4
10;KATERYNA;4
10;KONSTANCJA;4
10;MYROSLAVA;4
10;OTYLIA;4
10;OKTAWIA;4
10;NASTIA;4
10;MAYA;3
10;AMANDA;3
10;ANITA;3
10;CECYLIA;3
10;NICOLA;3
10;ULIANA;3
10;VIKTORIA;3
10;ELEONORA;3
10;STANISŁAWA;3
10;DARYNA;3
10;DANUTA;3
10;NICOLE;3
10;LETYCJA;3
10;IDALIA;3
10;SYLWIA;3
10;SELENA;3
10;JULITA;3
10;EDYTA;3
10;ZOE;3
10;MARLENA;3
10;MIJA;3
10;GLORIA;3
10;PAULA;3
10;SOPHIA;3
10;AGNIESZKA;2
10;MALINA;2
10;KLEMENTYNA;2
10;INES;2
10;LARYSA;2
10;ALEXANDRA;2
10;LEILA;2
10;NATASZA;2
10;ALICIA;2
10;IRENA;2
10;CARMEN;2
10;ADEL;2
10;AMIRA;2
10;MARTINA;2
10;WALERIA;2
10;TATIANA;2
10;KAYA;2
10;IZABELLA;2
10;TERESA;2
10;IRMINA;2
10;NELLA;2
10;SAMANTA;2
10;KATALEJA;2
10;ROSA;2
10;MIROSŁAWA;2
10;YELIZAVETA;2
10;SABRINA;2
10;ANETA;2
10;MARIAM;2
10;DALIA;2
10;YARYNA;2
10;LIA;2
10;LAYLA;2
10;AYLA;2
10;DAGMARA;2
10;BEATA;2
10;VARVARA;2
10;NADZIEJA;2
10;SOLOMIA;2
10;MARCJANNA;2
10;NELIA;2
10;JULIANA;2
10;ANHELINA;2
10;CLAUDIA;2
10;ROMA;2
10;MAGDA;2
10;ADRIANA;2
10;ELIANA;2
10;STEFANIIA;2
10;BELLA;2
10;HONORATA;2
10;ADELIA;2
10;DARINA;2
10;JUSTYNA;2
10;OLHA;2
12;ZUZANNA;526
12;JULIA;525
12;HANNA;516
12;MAJA;507
12;LAURA;478
12;ZOFIA;476
12;EMILIA;443
12;OLIWIA;432
12;ALICJA;390
12;LENA;332
12;WIKTORIA;327
12;POLA;314
12;LILIANA;300
12;MARIA;299
12;AMELIA;293
12;ANTONINA;281
12;ALEKSANDRA;281
12;HELENA;279
12;IGA;273
12;KLARA;266
12;MILENA;247
12;ANNA;220
12;KORNELIA;207
12;GABRIELA;201
12;MICHALINA;201
12;NADIA;184
12;ŁUCJA;168
12;NATALIA;159
12;MARCELINA;158
12;NELA;150
12;BLANKA;143
12;ANIELA;141
12;NINA;134
12;JAGODA;125
12;LILIANNA;122
12;SARA;120
12;ROZALIA;115
12;RÓŻA;112
12;NIKOLA;111
12;WERONIKA;111
12;MATYLDA;104
12;MAGDALENA;103
12;MARTYNA;100
12;KAJA;98
12;MIA;93
12;KAROLINA;93
12;ANASTAZJA;90
12;RITA;84
12;ELIZA;82
12;BARBARA;82
12;ADRIANNA;80
12;AURELIA;68
12;KINGA;63
12;IZABELA;62
12;LIWIA;61
12;GAJA;59
12;WANDA;58
12;MAŁGORZATA;51
12;MELANIA;48
12;KAMILA;48
12;PATRYCJA;46
12;NEL;45
12;EWA;45
12;MARIANNA;44
12;JOANNA;42
12;MALWINA;42
12;DARIA;40
12;JAŚMINA;40
12;AGATA;39
12;APOLONIA;37
12;SOFIA;36
12;DOMINIKA;35
12;ADA;35
12;BIANKA;35
12;LIDIA;34
12;ZOJA;33
12;LARA;33
12;KATARZYNA;33
12;LUIZA;33
12;DIANA;31
12;LILIA;29
12;STEFANIA;28
12;OLIVIA;27
12;MARTA;27
12;DOROTA;27
12;OLGA;26
12;KLAUDIA;26
12;PAULINA;26
12;IDA;25
12;URSZULA;25
12;JUSTYNA;23
12;JADWIGA;23
12;ELENA;22
12;KALINA;22
12;ADELA;21
12;LILA;20
12;MARIKA;19
12;ESTERA;19
12;MARLENA;19
12;MILANA;18
12;TOLA;18
12;FELICJA;18
12;ALINA;17
12;EMMA;17
12;LEA;17
12;MILA;17
12;SANDRA;17
12;ADELINA;16
12;JULITA;16
12;FAUSTYNA;15
12;EVA;15
12;MAYA;15
12;GLORIA;15
12;JAGNA;14
12;YEVA;14
12;AURORA;14
12;VICTORIA;14
12;MONIKA;13
12;NOEMI;13
12;ANITA;12
12;JOWITA;12
12;DAGMARA;12
12;AGNIESZKA;12
12;KIRA;11
12;INGA;11
12;MIRA;11
12;JUDYTA;10
12;ALISA;10
12;IZABELLA;10
12;LIVIA;10
12;SOLOMIIA;10
12;VERONIKA;10
12;OTYLIA;10
12;CELINA;10
12;OLA;9
12;NIKOL;9
12;POLINA;9
12;ELŻBIETA;9
12;JANINA;9
12;KARINA;9
12;EWELINA;9
12;DANUTA;9
12;SOFIIA;9
12;SONIA;8
12;STELLA;8
12;FRANCISZKA;7
12;ROKSANA;7
12;LETYCJA;7
12;MELISSA;7
12;ANTONIA;7
12;KRYSTYNA;7
12;SYLWIA;7
12;PAULA;7
12;NELIA;7
12;LIA;6
12;AMINA;6
12;SOPHIA;6
12;FLORENTYNA;6
12;LILI;6
12;TERESA;6
12;NICOLE;6
12;LUNA;5
12;SOLOMIA;5
12;SAMANTA;5
12;PAMELA;5
12;SOPHIE;5
12;ARIANNA;5
12;NIKA;5
12;ANETA;5
12;LILLY;5
12;MALINA;5
12;ROMA;5
12;EMILY;5
12;INEZ;5
12;MIRIAM;5
12;NICOLA;5
12;LILY;5
12;CHARLOTTE;5
12;EMILIIA;5
12;VARVARA;5
12;ZOE;5
12;KONSTANCJA;5
12;TAMARA;4
12;LUCYNA;4
12;MARIIA;4
12;VIKTORIA;4
12;VANESSA;4
12;KLEMENTYNA;4
12;CARMEN;4
12;ISABELLA;4
12;IRMINA;4
12;MIYA;4
12;WALERIA;4
12;NAOMI;4
12;NELLA;4
12;WIOLETTA;4
12;JANA;4
12;FLORA;4
12;NELLY;4
12;DOBRAWA;4
12;MARIETTA;4
12;ANGELIKA;4
12;JÓZEFINA;4
12;ARINA;4
12;AMANDA;4
12;VERONICA;3
12;ZLATA;3
12;HIACYNTA;3
12;ADRIANA;3
12;VALERIA;3
12;TULIA;3
12;HANNAH;3
12;MIROSLAVA;3
12;OKTAWIA;3
12;VIOLETTA;3
12;LARYSA;3
12;MAIA;3
12;NOELIA;3
12;MARIAM;3
12;AFINA;3
12;LILLA;3
12;INES;3
12;IRENA;3
12;ALEXANDRA;3
12;HALINA;3
12;INKA;3
12;MICHELLE;3
12;EDYTA;3
12;MARCELA;3
12;ARIANA;3
12;WANESSA;3
12;ANGELINA;3
12;MIIA;3
12;HONORATA;3
12;BERNADETTA;3
12;EVELINA;3
12;BEATA;3
12;ELIANA;3
12;MELISA;3
12;CLARA;3
12;MARCJANNA;3
12;ABIGAIL;3
12;DARYNA;3
12;SARAH;3
12;ULYANA;2
12;ALICE;2
12;SABINA;2
12;SELENA;2
12;LEOKADIA;2
12;DANIELA;2
12;BOGNA;2
12;LIYA;2
12;DAYANA;2
12;JASMIN;2
12;VIRA;2
12;ADELE;2
12;YUSTYNA;2
12;NAWOJA;2
12;PETRA;2
12;REBEKA;2
12;ELENI;2
12;NADZIEJA;2
12;IWONA;2
12;MISHEL;2
12;AMELI;2
12;LEONIA;2
12;LEYLA;2
12;ELEONORA;2
12;JASMINA;2
12;NAWOJKA;2
12;VALENTINA;2
12;ROSALIA;2
12;AYLA;2
12;ARYA;2
12;MIJA;2
12;JASMINE;2
12;DALIA;2
12;NATASZA;2
12;MIRELLA;2
12;ASTRID;2
12;KIARA;2
12;ILONA;2
12;SOFÍA;2
12;KSENIIA;2
12;LUDWIKA;2
12;TESSA;2
12;SOFIE;2
12;ZOYA;2
12;MYROSLAVA;2
12;OLIVIIA;2
12;NASTIA;2
12;PIA;2
12;MAIIA;2
12;JOLANTA;2
12;ANIKA;2
12;HALSZKA;2
12;JULIANNA;2
12;SOFIJA;2
12;ADELIA;2
12;OLIMPIA;2
12;LISA;2
12;AMIRA;2
12;CELIA;2
12;MIŁOSŁAWA;2
12;NICOL;2
12;LETTY;2
12;LORENA;2
12;ESTER;2
12;ALICIA;2
12;CHIARA;2
12;OFELIA;2
12;JESSICA;2
12;MIROSŁAWA;2
12;ARIA;2
12;ELLA;2
12;LAYLA;2
14;ZOFIA;873
14;LAURA;734
14;ZUZANNA;719
14;ALICJA;711
14;JULIA;703
14;HANNA;669
14;MAJA;646
14;OLIWIA;608
14;MARIA;603
14;POLA;570
14;HELENA;542
14;ANTONINA;524
14;MICHALINA;494
14;MARCELINA;471
14;KLARA;435
14;LILIANA;430
14;AMELIA;423
14;WIKTORIA;389
14;GABRIELA;379
14;EMILIA;375
14;LENA;357
14;IGA;350
14;ALEKSANDRA;308
14;ŁUCJA;302
14;KORNELIA;302
14;NELA;298
14;ANNA;272
14;NATALIA;266
14;BLANKA;236
14;RÓŻA;228
14;JAGODA;220
14;BARBARA;218
14;ANIELA;182
14;ROZALIA;178
14;WERONIKA;170
14;LILIANNA;166
14;NADIA;165
14;NINA;161
14;MIA;153
14;NIKOLA;149
14;KAJA;148
14;AURELIA;146
14;SARA;141
14;WANDA;130
14;MATYLDA;129
14;ANASTAZJA;125
14;JAŚMINA;121
14;ADRIANNA;118
14;MARIANNA;114
14;STEFANIA;106
14;KAROLINA;103
14;APOLONIA;103
14;LIWIA;102
14;KALINA;100
14;GAJA;93
14;DIANA;93
14;EWA;88
14;AGATA;88
14;SOFIA;84
14;JOANNA;83
14;IZABELA;74
14;MILENA;73
14;ZOJA;73
14;DOMINIKA;72
14;LIDIA;71
14;MAŁGORZATA;70
14;BIANKA;69
14;URSZULA;68
14;IDA;67
14;MAGDALENA;63
14;MELANIA;63
14;MILANA;60
14;KINGA;55
14;FELICJA;55
14;DARIA;54
14;NEL;52
14;MARTYNA;52
14;ELIZA;52
14;OLIVIA;49
14;EMMA;49
14;LILIA;47
14;JANINA;47
14;ADA;46
14;KAMILA;45
14;CELINA;45
14;LARA;44
14;MALWINA;44
14;MARTA;43
14;KATARZYNA;42
14;LEA;41
14;JADWIGA;41
14;LILA;39
14;KLAUDIA;38
14;ADELINA;38
14;ZLATA;37
14;JAGNA;34
14;PATRYCJA;33
14;ELŻBIETA;32
14;SOFIIA;32
14;EVA;31
14;ELENA;31
14;KIRA;31
14;PAULINA;30
14;DOROTA;30
14;FRANCISZKA;29
14;RITA;29
14;KRYSTYNA;29
14;MILA;28
14;ALINA;25
14;YEVA;25
14;KONSTANCJA;24
14;IRENA;24
14;AGNIESZKA;22
14;EMILIIA;22
14;AURORA;22
14;LUCYNA;21
14;EVELINA;21
14;ADELA;21
14;MIRA;20
14;ALISA;20
14;SOLOMIIA;20
14;EWELINA;20
14;JÓZEFINA;19
14;MAYA;19
14;GLORIA;19
14;CECYLIA;19
14;MARIIA;18
14;LUNA;18
14;LUIZA;18
14;TERESA;17
14;KARINA;17
14;JULIANNA;17
14;ROMA;17
14;NIKOL;16
14;POLINA;16
14;MONIKA;16
14;VERONIKA;16
14;JUSTYNA;16
14;FLORENTYNA;15
14;MARIKA;15
14;ARINA;15
14;OLGA;15
14;SANDRA;15
14;VICTORIA;15
14;SONIA;15
14;FAUSTYNA;14
14;MIIA;14
14;MALINA;14
14;NOEMI;14
14;ESTERA;14
14;SABINA;13
14;NICOLE;13
14;ANGELINA;13
14;LEONIA;12
14;LIVIA;12
14;TOLA;12
14;ZOYA;12
14;KLEMENTYNA;12
14;INGA;12
14;JANA;11
14;JUDYTA;11
14;VIKTORIIA;11
14;MELISA;10
14;IZABELLA;10
14;DANUTA;10
14;OLEKSANDRA;10
14;HALINA;10
14;ARIANA;10
14;VIKTORIA;10
14;OTYLIA;10
14;DALIA;9
14;ANITA;9
14;ZOE;9
14;ADRIANA;9
14;STELLA;9
14;AMINA;9
14;ANASTASIIA;9
14;JOWITA;9
14;ELINA;9
14;LILI;9
14;EMILY;9
14;IDALIA;8
14;LETYCJA;8
14;YANA;8
14;MICHELLE;8
14;ULIANA;8
14;KATERYNA;8
14;INKA;8
14;ANTONIA;8
14;VALERIA;8
14;DARYNA;7
14;MAGDA;7
14;JULITA;7
14;VLADYSLAVA;7
14;INA;7
14;LUKRECJA;7
14;OLIVIIA;7
14;ARIA;7
14;CLARA;7
14;CARMEN;7
14;DANIELA;7
14;PAULA;7
14;INEZ;7
14;VANESSA;7
14;ROSE;6
14;NIKA;6
14;AMIRA;6
14;SOLOMIYA;6
14;MYROSLAVA;6
14;SYLWIA;6
14;ELEONORA;6
14;LILY;6
14;MARIETTA;6
14;MARLENA;6
14;NAOMI;6
14;ELIZABETH;6
14;SOLOMIA;6
14;ISABELLA;6
14;ANETA;5
14;MARINA;5
14;MELISSA;5
14;WALERIA;5
14;LIANA;5
14;VERA;5
14;MIYA;5
14;JOLANTA;5
14;ANASTASIA;5
14;ROKSANA;5
14;DAGMARA;5
14;KSENIA;5
14;YELYZAVETA;5
14;NELIA;5
14;ALISIA;5
14;SELENA;5
14;MARCELA;5
14;VARVARA;5
14;EDYTA;5
14;FLORA;5
14;ANA;5
14;WIOLETTA;5
14;OLIMPIA;5
14;NADZIEJA;5
14;LAYLA;5
14;HIACYNTA;5
14;AMANDA;5
14;MIJA;5
14;ALISIIA;4
14;JASMINA;4
14;OFELIA;4
14;LIA;4
14;NATASZA;4
14;DOBRAWA;4
14;MARYAM;4
14;BEATA;4
14;SOPHIA;4
14;STEFANIIA;4
14;ESTER;4
14;NELLA;4
14;AYLA;4
14;MELANIIA;4
14;MIKA;4
14;ALICIA;4
14;SAWA;4
14;VALERIIA;4
14;DOBROCHNA;4
14;SALMA;4
14;ADELE;4
14;MIROSŁAWA;4
14;OLA;3
14;ADEL;3
14;TOSIA;3
14;KAMELIA;3
14;JASMINE;3
14;KHRYSTYNA;3
14;ANDŻELIKA;3
14;BERENIKA;3
14;MARIAM;3
14;MARCJANNA;3
14;HANNAH;3
14;ALEXANDRA;3
14;GAIA;3
14;VIOLETTA;3
14;NILA;3
14;MARHARYTA;3
14;SOLOMIJA;3
14;SARAH;3
14;ASTRID;3
14;YULIIA;3
14;BOGUMIŁA;3
14;AFINA;3
14;AYA;3
14;MARÍA;3
14;HANA;3
14;KATERINA;3
14;BELLA;3
14;GABRIELLA;3
14;HONORATA;3
14;CELIA;3
14;ALICE;3
14;CHIARA;3
14;LISA;3
14;ORIANA;3
14;LEILA;3
14;MIRELLA;3
14;YASMINA;3
14;ANATOLIA;3
14;KRISTINA;3
14;NICOLA;3
14;EUGENIA;3
14;SŁAWA;3
14;OKSANA;3
14;ELIANA;3
14;EMILI;3
14;ROZA;3
14;MARYLA;3
14;AMELIE;3
14;LEIA;3
14;MARIE;2
14;YASMIN;2
14;ARIANNA;2
14;CHLOE;2
14;FILOMENA;2
14;LIIA;2
14;VALENTINA;2
14;FLORENCJA;2
14;MIŁOSŁAWA;2
14;TAMARA;2
14;TEIA;2
14;THUY ANH;2
14;ZLATOSLAVA;2
14;YARYNA;2
14;ALENA;2
14;MIROSLAVA;2
14;KASANDRA;2
14;AYLIN;2
14;WALENTYNA;2
14;JASMIN;2
14;NATASHA;2
14;KATRINA;2
14;PAMELA;2
14;ALIYA;2
14;KAILA;2
14;GRETA;2
14;LILLA;2
14;SAVANNAH;2
14;MIRABELLA;2
14;ITA;2
14;ILONA;2
14;MALENA;2
14;ATHENA;2
14;KARLA;2
14;SAADA;2
14;BOŻENA;2
14;MELANIJA;2
14;ELIZABET;2
14;INES;2
14;KORA;2
14;REBECCA;2
14;IWA;2
14;NANA;2
14;ZAHRA;2
14;MILANIA;2
14;MICHAELA;2
14;HARLEEN;2
14;ANNABELLA;2
14;RUT;2
14;VASILISA;2
14;FLAWIA;2
14;ANIKA;2
14;CRISTINA;2
14;ILARIIA;2
14;BOHDANA;2
14;MARITA;2
14;ASIYA;2
14;ŻANETA;2
14;SAMIRA;2
14;FATIMA;2
14;ANDRIANA;2
14;MINH ANH;2
14;HALSZKA;2
14;PALINA;2
14;GRACJANA;2
14;LIZA;2
14;BRYGIDA;2
14;ESMI;2
14;LEYA;2
14;NASTIA;2
14;JULIANA;2
14;DAHLIA;2
14;TATIANA;2
14;ANHELINA;2
14;ZENDAYA;2
14;NATALIIA;2
14;CYNTIA;2
14;ARMINA;2
14;SAFIA;2
14;YINUO;2
14;MARGARITA;2
14;AMALIIA;2
14;ORYSLAVA;2
14;YESENIIA;2
14;ELSA;2
14;DAYANA;2
14;MIRIAM;2
14;SOFIYA;2
14;LILLY;2
14;ELA;2
14;FLORIANNA;2
14;NEONILA;2
14;MIŁKA;2
14;LILLI;2
14;IVANNA;2
14;ELIF;2
14;SOPHIE;2
14;NIKOLE;2
14;LUCIA;2
14;MISHEL;2
14;AMAYA;2
14;DOBROMIŁA;2
14;AZALIA;2
14;SVIATOSLAVA;2
14;CHRISTINA;2
14;LUDMIŁA;2
14;BOGUSŁAWA;2
14;NADIYA;2
14;HANIFA;2
14;IRINA;2
14;ELIZAVETA;2
14;LEYLA;2
14;ALIA;2
14;ALDONA;2
14;MARIANA;2
14;LILLIAN;2
14;HAILEY;2
14;SIENNA;2
14;YAROSLAVA;2
14;DARINA;2
14;LYRA;2
14;ELEN;2
14;MATILDA;2
16;ZOFIA;124
16;HANNA;122
16;ZUZANNA;105
16;EMILIA;95
16;MAJA;92
16;POLA;88
16;LAURA;85
16;MICHALINA;82
16;JULIA;80
16;OLIWIA;74
16;ANTONINA;74
16;LENA;74
16;KLARA;73
16;AMELIA;68
16;ALICJA;67
16;LILIANA;60
16;WIKTORIA;58
16;MARIA;57
16;MILENA;54
16;IGA;51
16;NELA;41
16;ALEKSANDRA;40
16;NATALIA;37
16;ANNA;34
16;ŁUCJA;34
16;JAGODA;33
16;MARCELINA;33
16;BLANKA;32
16;LILIANNA;31
16;MARTYNA;31
16;HELENA;30
16;MIA;28
16;ELIZA;27
16;NINA;25
16;KAJA;24
16;BARBARA;24
16;NADIA;22
16;MATYLDA;22
16;ROZALIA;22
16;GABRIELA;21
16;KAROLINA;21
16;ANASTAZJA;20
16;WERONIKA;20
16;PAULINA;20
16;SARA;19
16;MAGDALENA;19
16;LIWIA;18
16;MARTA;18
16;AGATA;18
16;KINGA;16
16;EWA;15
16;NIKOLA;15
16;KALINA;13
16;KORNELIA;13
16;BIANKA;13
16;AURELIA;13
16;RÓŻA;12
16;MALWINA;12
16;DOMINIKA;11
16;ANIELA;11
16;WANDA;11
16;MAŁGORZATA;11
16;GAJA;10
16;JOANNA;10
16;OLIVIA;10
16;DIANA;10
16;ELENA;9
16;MILANA;9
16;URSZULA;9
16;MELANIA;9
16;NOEMI;9
16;DOROTA;8
16;AGNIESZKA;8
16;JAŚMINA;8
16;SOFIA;8
16;IZABELA;8
16;KLAUDIA;8
16;ADRIANNA;8
16;LUIZA;7
16;LIVIA;7
16;JADWIGA;7
16;DARIA;7
16;SOFIIA;7
16;MIRIAM;7
16;MARLENA;6
16;STEFANIA;6
16;CELINA;6
16;APOLONIA;6
16;KATARZYNA;6
16;KAMILA;6
16;ALINA;5
16;ADELINA;5
16;LARA;5
16;ELŻBIETA;5
16;FELICJA;5
16;GLORIA;4
16;LEA;4
16;LILA;4
16;ELIZABET;4
16;MARIKA;4
16;CARMEN;4
16;KLEMENTYNA;4
16;EMILY;4
16;ZOJA;4
16;JANINA;4
16;EVELINA;4
16;LIDIA;4
16;IZABELLA;4
16;MONIKA;4
16;EWELINA;4
16;EMMA;4
16;NICOLA;3
16;LILIA;3
16;ZOE;3
16;NEL;3
16;LETYCJA;3
16;FRANCISZKA;3
16;LILI;3
16;AURORA;3
16;DAGMARA;3
16;POLINA;3
16;LILY;3
16;DALIA;3
16;INGA;3
16;VICTORIA;3
16;BIANCA;3
16;JAGNA;3
16;KRYSTYNA;3
16;OLIMPIA;3
16;VIKTORIA;3
16;KATERYNA;3
16;HANNAH;3
16;SONIA;2
16;NATALIE;2
16;JULITA;2
16;PATRYCJA;2
16;MICHELLE;2
16;YANA;2
16;EDYTA;2
16;MIRA;2
16;SOPHIA;2
16;ESTERA;2
16;VALERIIA;2
16;EMILIIA;2
16;ADA;2
16;TOLA;2
16;ANASTASIA;2
16;NASTIA;2
16;PAULA;2
16;INEZ;2
16;LUNA;2
16;MARIANNA;2
16;LILLY;2
16;OLGA;2
16;STELLA;2
16;YEVA;2
16;VERONIKA;2
16;SAMANTA;2
16;AMANDA;2
16;ALISA;2
16;LUISA;2
16;FLORENTYNA;2
16;MATILDA;2
16;NIKOL;2
16;ZLATA;2
16;ISABELLA;2
16;ANITA;2
16;MAYA;2
16;LARYSA;2
16;NELI;2
16;AMELIIA;2
16;JESSICA;2
16;VIKTORIIA;2
16;SYLWIA;2
16;LEONIA;2
16;ANASTASIIA;2
16;OKTAWIA;2
16;MELISA;2
16;MILA;2
16;BEATA;2
16;LAILA;2
18;HANNA;303
18;LAURA;302
18;ZUZANNA;283
18;MAJA;262
18;JULIA;260
18;ZOFIA;228
18;EMILIA;224
18;OLIWIA;219
18;POLA;204
18;LENA;194
18;WIKTORIA;182
18;IGA;176
18;LILIANA;171
18;ALICJA;167
18;KLARA;165
18;AMELIA;144
18;MARIA;142
18;ALEKSANDRA;141
18;ANTONINA;137
18;MILENA;131
18;MICHALINA;129
18;BLANKA;114
18;NELA;114
18;NADIA;111
18;KORNELIA;101
18;MARCELINA;98
18;ANIELA;93
18;JAGODA;88
18;HELENA;88
18;ANNA;84
18;LILIANNA;75
18;KAJA;75
18;NATALIA;73
18;ROZALIA;72
18;NIKOLA;71
18;GABRIELA;69
18;WERONIKA;69
18;ŁUCJA;67
18;AURELIA;66
18;RÓŻA;61
18;SARA;57
18;ELIZA;56
18;MIA;55
18;MELANIA;51
18;MARTYNA;50
18;KAROLINA;48
18;NINA;46
18;IZABELA;44
18;ADRIANNA;42
18;LIWIA;40
18;ANASTAZJA;40
18;GAJA;36
18;KINGA;35
18;MAGDALENA;35
18;MATYLDA;32
18;DIANA;31
18;MALWINA;31
18;KATARZYNA;28
18;RITA;25
18;LILIA;22
18;JAŚMINA;21
18;BARBARA;21
18;PATRYCJA;20
18;JOANNA;20
18;LUIZA;19
18;APOLONIA;18
18;WANDA;18
18;KAMILA;18
18;OLIVIA;18
18;KLAUDIA;17
18;ELENA;16
18;DOMINIKA;16
18;KALINA;15
18;EWA;15
18;AGATA;15
18;LEA;15
18;MARIANNA;15
18;SOFIA;14
18;LIDIA;13
18;NEL;13
18;MAŁGORZATA;13
18;BIANKA;13
18;FELICJA;13
18;DARIA;13
18;ADELA;13
18;MARLENA;13
18;FAUSTYNA;12
18;ZOJA;12
18;URSZULA;12
18;SANDRA;11
18;IDA;11
18;MARTA;11
18;STEFANIA;11
18;LARA;10
18;JAGNA;9
18;MAYA;9
18;JULITA;9
18;JUSTYNA;9
18;LILA;9
18;GLORIA;8
18;JADWIGA;8
18;EMMA;8
18;OLGA;8
18;MARIKA;7
18;ADA;7
18;MILA;7
18;ESTERA;7
18;DAGMARA;7
18;PAULINA;7
18;ROKSANA;7
18;SONIA;7
18;AGNIESZKA;6
18;MIRIAM;6
18;VANESSA;6
18;MELISA;6
18;EWELINA;5
18;OTYLIA;5
18;AMANDA;5
18;LILY;5
18;VERONIKA;5
18;ELŻBIETA;5
18;MONIKA;5
18;HIACYNTA;5
18;SOFIIA;4
18;MIRELLA;4
18;NELIA;4
18;EMILY;4
18;AURORA;4
18;ARIA;4
18;CELINA;4
18;CARMEN;4
18;IZABELLA;4
18;ALINA;4
18;VICTORIA;4
18;CHARLOTTE;4
18;MILANA;4
18;TOLA;4
18;JOWITA;4
18;KONSTANCJA;4
18;ANITA;4
18;KRYSTYNA;3
18;SYLWIA;3
18;NADZIEJA;3
18;MIRA;3
18;ROMA;3
18;ZOE;3
18;FRANCISZKA;3
18;HALINA;3
18;JULIANNA;3
18;KARINA;3
18;OKTAWIA;3
18;EVA;3
18;NICOLA;3
18;TERESA;3
18;MARCELA;3
18;ARIANA;3
18;JUDYTA;3
18;VIKTORIA;3
18;KIRA;3
18;ELIZABETH;2
18;FLORENTYNA;2
18;NATASZA;2
18;NOEMI;2
18;PAULA;2
18;DOBROMIŁA;2
18;INKA;2
18;NICOLE;2
18;LARYSA;2
18;GAIA;2
18;BOGNA;2
18;DOROTA;2
18;ADELINA;2
18;ARIADNA;2
18;VIKTORIIA;2
18;LAILA;2
18;MARGARITA;2
18;BOGUMIŁA;2
18;ANTONIA;2
18;KAYLA;2
18;JÓZEFINA;2
18;ALEXANDRA;2
18;IRMINA;2
18;HANNAH;2
18;LILLA;2
18;GRACE;2
18;FRANCESCA;2
18;STELLA;2
18;LILLY;2
18;SABINA;2
18;HANA;2
18;SUZANNE;2
18;INEZ;2
18;MATILDA;2
18;ALICIA;2
18;ISABELLA;2
20;LAURA;164
20;JULIA;162
20;ZOFIA;156
20;HANNA;154
20;MAJA;150
20;OLIWIA;150
20;ZUZANNA;147
20;MARIA;141
20;ALEKSANDRA;108
20;MARCELINA;106
20;ALICJA;100
20;AMELIA;99
20;POLA;97
20;LENA;91
20;GABRIELA;89
20;WIKTORIA;81
20;LILIANA;80
20;MICHALINA;80
20;KLARA;73
20;ANTONINA;69
20;NATALIA;65
20;EMILIA;65
20;IGA;63
20;HELENA;62
20;ANNA;61
20;KORNELIA;57
20;ROZALIA;56
20;ŁUCJA;54
20;NADIA;52
20;ANASTAZJA;49
20;LIDIA;43
20;NIKOLA;41
20;BLANKA;40
20;NELA;38
20;LILIANNA;37
20;WERONIKA;37
20;RÓŻA;37
20;LIWIA;34
20;AURELIA;34
20;ANIELA;33
20;MILENA;33
20;NINA;30
20;ADRIANNA;28
20;BARBARA;26
20;SARA;23
20;KAJA;23
20;JOANNA;22
20;MARTYNA;22
20;AGATA;22
20;IZABELA;22
20;JAGODA;21
20;MIA;21
20;MAŁGORZATA;21
20;MELANIA;20
20;MATYLDA;20
20;KAROLINA;19
20;MALWINA;19
20;KINGA;18
20;PAULINA;18
20;MAGDALENA;18
20;KLAUDIA;16
20;DOMINIKA;16
20;KALINA;15
20;MARIANNA;15
20;APOLONIA;15
20;DARIA;15
20;DIANA;12
20;EWA;11
20;OLIVIA;11
20;LEA;10
20;GAJA;10
20;PATRYCJA;9
20;OLGA;8
20;ADELA;8
20;NEL;8
20;KATARZYNA;8
20;URSZULA;8
20;MARTA;8
20;BIANKA;7
20;LILIA;7
20;WANDA;7
20;STEFANIA;7
20;KAMILA;7
20;LUIZA;6
20;SOFIA;6
20;ELŻBIETA;6
20;ZOJA;6
20;ADA;6
20;ELIZA;6
20;AGNIESZKA;6
20;CELINA;6
20;DOROTA;5
20;MONIKA;5
20;LILY;5
20;JULITA;5
20;SANDRA;5
20;MILA;5
20;INKA;5
20;ELENA;4
20;SONIA;4
20;MILANA;4
20;INGA;4
20;LIVIA;4
20;JADWIGA;4
20;ARIANA;4
20;JAŚMINA;4
20;LILLY;4
20;IRENA;4
20;FELICJA;4
20;EWELINA;4
20;JANINA;3
20;OLA;3
20;MARGARITA;3
20;DAGMARA;3
20;IDA;3
20;LILA;3
20;EVA;3
20;MALINA;3
20;SOPHIE;3
20;JÓZEFINA;3
20;KONSTANCJA;3
20;ORIANA;2
20;MARCJANNA;2
20;JUDYTA;2
20;LILLA;2
20;MARIKA;2
20;VICTORIA;2
20;MARIETTA;2
20;WALERIA;2
20;MATILDA;2
20;ZOE;2
20;JOLANTA;2
20;SOFIJA;2
20;ZLATA;2
20;NIKITA;2
20;FRANCISZKA;2
20;GRETA;2
20;FELICIA;2
20;LUCYNA;2
20;MIJA;2
20;AISHA;2
20;ANASTASIA;2
20;MIKAELA;2
20;EMMA;2
20;NAOMI;2
20;EMILY;2
20;AURORA;2
20;PAULA;2
20;EDYTA;2
20;VIKTORIA;2
20;VANESSA;2
20;KSENIA;2
20;NADZIEJA;2
20;MAYA;2
20;MARLENA;2
20;BOŻENA;2
20;JUSTYNA;2
20;DANIELA;2
20;MIRA;2
20;SABINA;2
20;RITA;2
22;ZOFIA;349
22;LAURA;332
22;ZUZANNA;304
22;MAJA;282
22;OLIWIA;256
22;JULIA;238
22;HANNA;235
22;POLA;222
22;ANTONINA;219
22;MARIA;206
22;LENA;204
22;HELENA;193
22;IGA;192
22;KLARA;189
22;LILIANA;187
22;AMELIA;167
22;MICHALINA;162
22;ALICJA;162
22;WIKTORIA;150
22;EMILIA;146
22;MARCELINA;144
22;ŁUCJA;143
22;KORNELIA;131
22;NELA;114
22;NADIA;112
22;BLANKA;104
22;MIA;104
22;LILIANNA;103
22;ANASTAZJA;102
22;ANNA;101
22;GABRIELA;94
22;ROZALIA;88
22;KAJA;87
22;AGATA;85
22;ALEKSANDRA;81
22;MILENA;80
22;JAGODA;79
22;NINA;78
22;RÓŻA;74
22;SARA;73
22;NATALIA;72
22;AURELIA;71
22;ANIELA;68
22;BARBARA;61
22;WERONIKA;61
22;JAŚMINA;60
22;KAROLINA;58
22;MATYLDA;58
22;ELIZA;54
22;WANDA;51
22;MARTA;50
22;MARTYNA;49
22;MELANIA;49
22;LIWIA;48
22;NIKOLA;47
22;GAJA;45
22;ADRIANNA;43
22;MARIANNA;42
22;KINGA;41
22;ZOJA;40
22;MAŁGORZATA;39
22;LIDIA;35
22;BIANKA;35
22;PAULINA;34
22;URSZULA;34
22;SOFIA;33
22;STEFANIA;32
22;IDA;31
22;KALINA;30
22;IZABELA;29
22;DIANA;28
22;MAGDALENA;28
22;DOMINIKA;27
22;JOANNA;27
22;LILIA;26
22;JAGNA;25
22;MILANA;25
22;LEA;25
22;LUIZA;25
22;EMMA;24
22;EWA;24
22;RITA;23
22;OLIVIA;23
22;FELICJA;22
22;JADWIGA;22
22;NEL;22
22;DARIA;21
22;APOLONIA;21
22;ELENA;20
22;DOROTA;20
22;KATARZYNA;19
22;ADELINA;18
22;KLAUDIA;17
22;MALWINA;16
22;CELINA;16
22;AURORA;15
22;JANINA;15
22;LARA;14
22;LILA;13
22;ADA;13
22;ALISA;13
22;NOEMI;13
22;KIRA;13
22;ESTERA;13
22;MILA;13
22;OLGA;12
22;POLINA;12
22;MARIKA;12
22;PATRYCJA;12
22;FAUSTYNA;12
22;LIVIA;12
22;ARIANA;11
22;TOLA;11
22;ELŻBIETA;11
22;VICTORIA;11
22;SOFIIA;10
22;ALINA;10
22;FLORENTYNA;10
22;DALIA;10
22;VERONIKA;10
22;KAMILA;10
22;ARINA;9
22;ROKSANA;9
22;AGNIESZKA;9
22;OLEKSANDRA;9
22;MONIKA;9
22;TERESA;9
22;JULIANNA;9
22;MELISA;9
22;ANGELINA;8
22;ZLATA;8
22;DARYNA;8
22;INEZ;8
22;EMILIIA;8
22;PAULA;8
22;EVA;8
22;NIKOL;8
22;MARLENA;7
22;ADELA;7
22;KARINA;7
22;EWELINA;7
22;KRYSTYNA;7
22;INGA;7
22;LUNA;7
22;FRANCISZKA;7
22;SOPHIE;6
22;INKA;6
22;LILLY;6
22;DAGMARA;6
22;DANUTA;6
22;OTYLIA;6
22;OKTAWIA;6
22;VANESSA;6
22;VIKTORIA;6
22;STELLA;6
22;NICOLE;6
22;HALINA;5
22;MIRA;5
22;IZABELLA;5
22;HONORATA;5
22;JÓZEFINA;5
22;NIKA;5
22;YEVA;5
22;ANETA;5
22;ZOE;5
22;CARMEN;5
22;JULITA;5
22;SOLOMIIA;5
22;LUCYNA;5
22;EMILY;5
22;JUDYTA;5
22;IRENA;5
22;MALINA;5
22;SELENA;5
22;MIRIAM;5
22;GLORIA;5
22;SONIA;4
22;ARIA;4
22;OLIMPIA;4
22;SOFIJA;4
22;INES;4
22;SOLOMIA;4
22;JOWITA;4
22;LUCY;4
22;NELIA;4
22;SOLOMIYA;4
22;MARIIA;4
22;AMANDA;4
22;VALERIA;4
22;LAYLA;4
22;ADRIANA;4
22;NELL;4
22;ANASTASIA;4
22;IDALIA;4
22;VIKTORIIA;4
22;CECYLIA;3
22;EVELINA;3
22;MYROSLAVA;3
22;KAYA;3
22;NAOMI;3
22;ANASTASIIA;3
22;MELISSA;3
22;JUSTYNA;3
22;ULIANA;3
22;ROMA;3
22;VIVIEN;3
22;LEILA;3
22;SYLWIA;3
22;ABIGAIL;3
22;ELIZAVETA;3
22;ZOYA;3
22;MATILDA;3
22;KLEMENTYNA;3
22;SANDRA;3
22;JASMINA;3
22;LILI;3
22;ZOSIA;3
22;MIJA;3
22;ANITA;3
22;MAYA;3
22;SOPHIA;2
22;CATALEYA;2
22;ALISIIA;2
22;MALIKA;2
22;LUDMIŁA;2
22;ILONA;2
22;FLAWIA;2
22;PAMELA;2
22;IZA;2
22;VERONICA;2
22;OFELIA;2
22;LIJA;2
22;AMIRA;2
22;AMELIIA;2
22;TATIANA;2
22;IWONA;2
22;KSENIIA;2
22;KARLA;2
22;JESSICA;2
22;ROSALIE;2
22;SIENNA;2
22;MELANIIA;2
22;WALERIA;2
22;GRACJA;2
22;TULIA;2
22;ELEONORA;2
22;AMINA;2
22;WIOLETTA;2
22;ANDŻELIKA;2
22;LEOKADIA;2
22;MARIETTA;2
22;NATASZA;2
22;MIIA;2
22;MICHELLE;2
22;LILLA;2
22;TAMARA;2
22;MARCELA;2
22;AGATHA;2
22;MARINA;2
22;ROSA;2
22;VLADYSLAVA;2
22;MANUELA;2
22;BALBINA;2
22;IVY;2
22;AGLAYA;2
22;VALERIIA;2
22;ANTONIA;2
22;LIZA;2
22;MIROSLAVA;2
22;ANIKA;2
22;LILY;2
22;GRAŻYNA;2
22;JEVA;2
22;OLIVIIA;2
22;EDYTA;2
22;WANESA;2
22;KATALEJA;2
22;MIRELLA;2
22;GRETA;2
22;WASILISA;2
22;BLANCA;2
22;MARIYA;2
22;MAGDA;2
22;JARYNA;2
22;KIARA;2
22;ANA;2
22;MARCJANNA;2
22;GABRIELLA;2
22;BELLA;2
22;RACHELA;2
22;NASTIA;2
22;LETYCJA;2
22;MARGARITA;2
22;KONSTANCJA;2
22;GABI;2
22;SABINA;2
22;ORIANA;2
22;ELIZABETH;2
22;MELODY;2
22;ARIANNA;2
22;IRENE;2
22;LIA;2
22;OLA;2
24;ZUZANNA;556
24;HANNA;500
24;MAJA;498
24;ZOFIA;469
24;JULIA;445
24;LAURA;434
24;EMILIA;427
24;OLIWIA;416
24;ALICJA;414
24;AMELIA;334
24;POLA;329
24;LILIANA;303
24;LENA;301
24;ANTONINA;299
24;MARIA;274
24;KLARA;273
24;MICHALINA;244
24;WIKTORIA;241
24;IGA;228
24;HELENA;207
24;JAGODA;206
24;NATALIA;202
24;MILENA;196
24;ŁUCJA;177
24;LILIANNA;168
24;NADIA;165
24;MARCELINA;165
24;MIA;160
24;ANNA;154
24;BLANKA;148
24;ALEKSANDRA;134
24;NELA;131
24;KORNELIA;119
24;SARA;116
24;KAJA;113
24;KAROLINA;112
24;ANASTAZJA;111
24;MARTYNA;107
24;RÓŻA;103
24;MATYLDA;102
24;AURELIA;102
24;WERONIKA;95
24;ROZALIA;89
24;PAULINA;88
24;ELIZA;87
24;MARTA;84
24;GABRIELA;83
24;LIWIA;83
24;AGATA;81
24;KINGA;78
24;NIKOLA;78
24;NINA;76
24;ANIELA;75
24;BARBARA;63
24;MAGDALENA;63
24;GAJA;56
24;BIANKA;53
24;MALWINA;51
24;JAŚMINA;46
24;DOMINIKA;45
24;MAŁGORZATA;45
24;MELANIA;44
24;WANDA;42
24;ADRIANNA;42
24;JOANNA;38
24;LARA;37
24;KAMILA;37
24;EWA;34
24;LIDIA;34
24;SOFIA;34
24;EMMA;31
24;ZOJA;30
24;MILANA;30
24;DIANA;29
24;LILIA;29
24;DOROTA;29
24;KATARZYNA;28
24;NEL;28
24;LEA;28
24;KALINA;28
24;OLIVIA;28
24;MARIANNA;27
24;APOLONIA;27
24;ELENA;25
24;RITA;25
24;ALINA;25
24;LUIZA;24
24;URSZULA;24
24;SOFIIA;24
24;PATRYCJA;24
24;CELINA;21
24;NOEMI;21
24;GLORIA;20
24;ESTERA;20
24;JANINA;19
24;VIKTORIIA;19
24;FELICJA;19
24;DARIA;19
24;ADA;19
24;IZABELA;18
24;VANESSA;18
24;KLAUDIA;17
24;LIVIA;17
24;ELŻBIETA;17
24;LILA;17
24;FRANCISZKA;16
24;AGNIESZKA;16
24;ADELINA;16
24;SONIA;16
24;JADWIGA;16
24;STEFANIA;16
24;MELISA;15
24;OLGA;15
24;KIRA;15
24;MARLENA;15
24;EWELINA;15
24;DAGMARA;14
24;MARIKA;14
24;JAGNA;14
24;VICTORIA;14
24;TERESA;13
24;SANDRA;13
24;KRYSTYNA;13
24;JUDYTA;13
24;EVA;13
24;LUNA;13
24;NIKOL;13
24;IDA;13
24;ZLATA;13
24;JUSTYNA;12
24;TOLA;12
24;ROKSANA;11
24;JULIANNA;11
24;FLORENTYNA;11
24;MONIKA;11
24;POLINA;10
24;KLEMENTYNA;10
24;MILA;10
24;YEVA;10
24;MAYA;9
24;JOWITA;9
24;ALISA;9
24;SOLOMIIA;9
24;EMILIIA;9
24;DANUTA;8
24;AURORA;8
24;VERONIKA;8
24;LUCYNA;8
24;STELLA;8
24;INGA;8
24;SOFIJA;8
24;LETYCJA;7
24;MARIIA;7
24;NAOMI;7
24;OTYLIA;7
24;SABINA;7
24;ANGELINA;7
24;HONORATA;7
24;ANITA;7
24;OLIVIIA;7
24;SELENA;7
24;NICOLE;6
24;INES;6
24;ADELA;6
24;VIKTORIA;6
24;ELEONORA;6
24;JULITA;6
24;MICHELLE;5
24;IZABELLA;5
24;MYROSLAVA;5
24;ABIGAIL;5
24;GAIA;5
24;VALERIIA;5
24;CARMEN;5
24;ULIANA;5
24;OKTAWIA;5
24;MIIA;5
24;ANASTASIIA;5
24;BEATA;5
24;KARINA;5
24;FAUSTYNA;5
24;LILI;5
24;DARIIA;5
24;EDYTA;5
24;PAULA;5
24;LILY;5
24;TAMARA;5
24;OLIMPIA;4
24;LILLY;4
24;INKA;4
24;IRENA;4
24;MELISSA;4
24;CECYLIA;4
24;ZOE;4
24;DOBRAWA;4
24;INEZ;4
24;KATERYNA;4
24;LIA;4
24;LEONIA;4
24;ANTONIA;4
24;ADRIANA;4
24;BIANCA;4
24;HIACYNTA;4
24;ANASTASIA;4
24;EVELINA;4
24;MIRIAM;4
24;LEOKADIA;4
24;MELANIIA;4
24;ADELIA;4
24;LARYSA;4
24;ARIA;4
24;JÓZEFINA;4
24;FLORA;4
24;NICOLA;4
24;NASTIA;4
24;NADZIEJA;4
24;ARINA;4
24;ELIZABETH;3
24;KAYA;3
24;INA;3
24;VALENTINA;3
24;OLESIA;3
24;IRIS;3
24;ROMA;3
24;OLEKSANDRA;3
24;ORIANA;3
24;SOPHIE;3
24;GRETA;3
24;AMINA;3
24;MIRA;3
24;ANETA;3
24;DALIA;3
24;VARVARA;3
24;MARIETTA;3
24;NELL;3
24;OFELIA;3
24;MALINA;3
24;JOLANTA;3
24;HANNAH;3
24;ARIADNA;3
24;WIOLETTA;3
24;DOBROSŁAWA;3
24;LINDA;3
24;AMANDA;3
24;MARZENA;3
24;AISHA;3
24;TINA;3
24;ARIANA;3
24;LEAH;3
24;ADEL;2
24;CECILIA;2
24;ANDŻELIKA;2
24;JÓZEFA;2
24;KAYLA;2
24;ROSALIE;2
24;LISA;2
24;LORENA;2
24;ZOSIA;2
24;MIŁOSŁAWA;2
24;NELIA;2
24;MILLA;2
24;IDALIA;2
24;DOBROMIŁA;2
24;MIKAELA;2
24;WALERIA;2
24;NATASZA;2
24;BOHDANA;2
24;JASMINA;2
24;ZARA;2
24;LILLA;2
24;ALEXANDRA;2
24;KIARA;2
24;ALENA;2
24;SOLOMIJA;2
24;ASHANTI;2
24;KSENIA;2
24;ALANA;2
24;IRMINA;2
24;YEVHENIIA;2
24;ISABELLA;2
24;VALERIA;2
24;EMILIANA;2
24;BOGUMIŁA;2
24;DILARA;2
24;INESSA;2
24;KONSTANCJA;2
24;PAMELA;2
24;TATIANA;2
24;BELLA;2
24;VIOLETTA;2
24;AMALIA;2
24;NOELIA;2
24;SOPHIA;2
24;POLIANNA;2
24;YANA;2
24;SAMIRA;2
24;JANA;2
24;ZOYA;2
24;SAMANTA;2
24;KATHERINE;2
24;MARIANA;2
24;CHARLOTTE;2
24;IVANNA;2
24;ARIANNA;2
24;ALICE;2
24;EMILY;2
24;LEYLA;2
24;VIVIEN;2
24;NIKA;2
24;NELLY;2
24;SYLWIA;2
24;VERONICA;2
24;ARLETA;2
24;ELIZAVETA;2
24;ISABEL;2
24;ANGELIKA;2
24;SIMONA;2
24;JESSICA;2
24;NAYLA;2
24;MISZEL;2
26;ZUZANNA;160
26;HANNA;156
26;JULIA;145
26;ALICJA;133
26;LAURA;132
26;ZOFIA;131
26;POLA;130
26;MAJA;125
26;OLIWIA;111
26;IGA;104
26;MARIA;100
26;LENA;91
26;MARCELINA;89
26;NELA;87
26;AMELIA;86
26;LILIANA;85
26;KLARA;76
26;WIKTORIA;74
26;MICHALINA;69
26;GABRIELA;69
26;NATALIA;69
26;BLANKA;60
26;KORNELIA;59
26;NADIA;58
26;EMILIA;53
26;ANTONINA;53
26;HELENA;53
26;ALEKSANDRA;49
26;ŁUCJA;45
26;KAJA;35
26;LILIANNA;33
26;JAGODA;27
26;ANIELA;25
26;MIA;25
26;ANNA;25
26;RÓŻA;24
26;NIKOLA;24
26;ADRIANNA;23
26;BARBARA;22
26;SARA;21
26;AURELIA;21
26;NINA;21
26;ANASTAZJA;21
26;DIANA;19
26;WERONIKA;18
26;KALINA;17
26;LIWIA;16
26;ROZALIA;15
26;MILENA;15
26;JOANNA;14
26;MARIANNA;14
26;AGATA;14
26;APOLONIA;14
26;KINGA;14
26;MATYLDA;13
26;MAGDALENA;13
26;MELANIA;13
26;NEL;13
26;GAJA;12
26;DARIA;11
26;JAŚMINA;9
26;ELIZA;9
26;MARTYNA;9
26;LUIZA;9
26;SOFIA;9
26;STEFANIA;9
26;KATARZYNA;8
26;BIANKA;8
26;IZABELA;8
26;KLAUDIA;8
26;LILA;8
26;LILIA;7
26;MALWINA;7
26;KAROLINA;7
26;PATRYCJA;7
26;OLIVIA;7
26;ADA;6
26;ZLATA;6
26;ZOJA;6
26;URSZULA;6
26;IDA;6
26;MAYA;5
26;ELENA;5
26;ALINA;5
26;MAŁGORZATA;5
26;EWA;4
26;ADELA;4
26;SANDRA;4
26;PAULINA;4
26;JOWITA;3
26;RITA;3
26;FELICJA;3
26;DOMINIKA;3
26;AURORA;3
26;MALINA;3
26;OLA;3
26;VICTORIA;3
26;ADELINA;3
26;MILANA;3
26;EMMA;3
26;LILY;3
26;VANESSA;3
26;HIACYNTA;3
26;WANDA;3
26;YEVA;3
26;LIVIA;3
26;MILA;3
26;LUCYNA;3
26;LEA;3
26;MARTA;3
26;KAMILA;3
26;BIANCA;2
26;AGNIESZKA;2
26;JÓZEFINA;2
26;NOEMI;2
26;SYLWIA;2
26;GLORIA;2
26;OTYLIA;2
26;CARMEN;2
26;SABINA;2
26;MARIKA;2
26;JULIANNA;2
26;EVA;2
26;JAGNA;2
26;SOFIIA;2
26;MONIKA;2
26;JANA;2
26;KARINA;2
26;WALERIA;2
26;FLORENTYNA;2
26;LIDIA;2
26;JADWIGA;2
26;EVELINA;2
26;TATIANA;2
26;EWELINA;2
26;LEILA;2
26;MARLENA;2
26;LARA;2
26;CELINA;2
26;SOPHIA;2
26;GRACJA;2
26;INKA;2
28;ZOFIA;211
28;ZUZANNA;167
28;HANNA;165
28;LAURA;158
28;MAJA;156
28;POLA;155
28;JULIA;126
28;ALICJA;124
28;MARIA;123
28;OLIWIA;120
28;LENA;113
28;MICHALINA;112
28;LILIANA;98
28;IGA;91
28;MARCELINA;89
28;AMELIA;86
28;ANTONINA;83
28;KLARA;81
28;HELENA;79
28;NADIA;76
28;WIKTORIA;76
28;GABRIELA;71
28;BLANKA;68
28;ALEKSANDRA;59
28;RÓŻA;56
28;NELA;55
28;ŁUCJA;54
28;KORNELIA;51
28;LILIANNA;50
28;KAJA;46
28;ANASTAZJA;45
28;ANNA;45
28;EMILIA;45
28;ROZALIA;40
28;MIA;37
28;AGATA;37
28;NATALIA;37
28;WERONIKA;34
28;LIWIA;33
28;AURELIA;31
28;BARBARA;30
28;JAGODA;30
28;NIKOLA;29
28;NINA;28
28;MILENA;27
28;ELIZA;25
28;LIDIA;23
28;ANIELA;22
28;ADRIANNA;22
28;JAŚMINA;20
28;SARA;19
28;MATYLDA;18
28;MARIANNA;18
28;KAROLINA;18
28;URSZULA;16
28;NEL;15
28;GAJA;15
28;IDA;15
28;KINGA;14
28;BIANKA;14
28;KATARZYNA;13
28;MARTYNA;13
28;MAŁGORZATA;13
28;PATRYCJA;12
28;WANDA;12
28;KALINA;12
28;ELENA;11
28;APOLONIA;11
28;LUIZA;11
28;IZABELA;10
28;LEA;10
28;SOFIA;10
28;DIANA;10
28;MELANIA;10
28;MALWINA;9
28;EWA;9
28;MARTA;9
28;ZOJA;9
28;OLIVIA;8
28;EMMA;8
28;DOMINIKA;8
28;LILIA;8
28;JOANNA;8
28;KLAUDIA;7
28;PAULINA;7
28;EWELINA;7
28;VICTORIA;7
28;DARIA;7
28;ADELA;6
28;MAYA;6
28;JAGNA;6
28;MAGDALENA;6
28;LILA;6
28;FELICJA;5
28;KAMILA;5
28;ADA;5
28;FRANCISZKA;5
28;DAGMARA;5
28;KONSTANCJA;5
28;LILY;5
28;NOEMI;5
28;JADWIGA;4
28;RITA;4
28;MILA;4
28;NASTIA;4
28;TOLA;4
28;ZOE;4
28;JULIANNA;4
28;ALISA;4
28;LARA;4
28;INKA;4
28;MONIKA;4
28;DALIA;3
28;JANINA;3
28;OLA;3
28;ROSE;3
28;GABRIELLA;3
28;POLINA;3
28;MARLENA;3
28;JUDYTA;3
28;SANDRA;3
28;ALINA;3
28;MIJA;3
28;IWONA;3
28;STEFANIA;3
28;CELINA;3
28;JOWITA;3
28;ANASTASIA;3
28;KSENIA;3
28;SOFIJA;3
28;OLGA;3
28;ABIGAIL;3
28;FAUSTYNA;2
28;ILONA;2
28;SELENA;2
28;IRENA;2
28;NASTAZJA;2
28;LILI;2
28;SABINA;2
28;NIKA;2
28;DARINA;2
28;GAIA;2
28;SOFIIA;2
28;MELISA;2
28;FLORENTYNA;2
28;MARIIA;2
28;OKTAWIA;2
28;IZABELLA;2
28;JUSTYNA;2
28;ROKSANA;2
28;AMANDA;2
28;JULITA;2
28;YASMIN;2
28;PAULA;2
28;TOSIA;2
28;OTYLIA;2
28;MALIKA;2
28;MALINA;2
28;ALICE;2
28;BOŻENA;2
28;LUNA;2
28;ELŻBIETA;2
28;OKSANA;2
28;AURORA;2
28;LIA;2
28;MARGARITA;2
28;STELLA;2
28;ARINA;2
28;SOPHIE;2
28;PAMELA;2
28;IVY;2
28;NATASZA;2
28;BELLA;2
28;KIRA;2
28;FREYA;2
28;IDALIA;2
28;SAMANTA;2
28;LILLA;2
28;ISABELLA;2
28;AGNIESZKA;2
28;NELLY;2
28;VERONIKA;2
28;ANTONIA;2
28;MARIKA;2
30;ZOFIA;519
30;LAURA;431
30;MAJA;425
30;ZUZANNA;397
30;POLA;376
30;HANNA;359
30;OLIWIA;347
30;JULIA;347
30;ANTONINA;329
30;MARIA;325
30;IGA;308
30;ALICJA;301
30;GABRIELA;300
30;LENA;299
30;HELENA;289
30;MARCELINA;270
30;MICHALINA;262
30;KLARA;243
30;EMILIA;231
30;AMELIA;224
30;WIKTORIA;222
30;LILIANA;209
30;BLANKA;188
30;KORNELIA;183
30;LILIANNA;182
30;NELA;167
30;ŁUCJA;165
30;NADIA;156
30;ALEKSANDRA;144
30;ROZALIA;142
30;JAGODA;142
30;MIA;133
30;ANASTAZJA;131
30;ANNA;120
30;MATYLDA;119
30;NINA;117
30;LIWIA;112
30;MARIANNA;105
30;KAJA;101
30;BARBARA;99
30;RÓŻA;91
30;AGATA;83
30;WANDA;83
30;MELANIA;82
30;ANIELA;78
30;SARA;78
30;NIKOLA;77
30;MARTYNA;76
30;WERONIKA;73
30;JAŚMINA;71
30;NATALIA;69
30;GAJA;66
30;JAGNA;66
30;ELIZA;65
30;ADRIANNA;58
30;AURELIA;57
30;MILENA;52
30;ZOJA;50
30;NEL;48
30;KAROLINA;48
30;URSZULA;47
30;BIANKA;43
30;MAGDALENA;40
30;DOMINIKA;39
30;STEFANIA;39
30;SOFIA;39
30;KALINA;38
30;KINGA;37
30;MILANA;36
30;IZABELA;35
30;OLGA;34
30;JOANNA;32
30;CELINA;32
30;MARTA;32
30;EWA;32
30;MAŁGORZATA;31
30;APOLONIA;31
30;DIANA;30
30;KATARZYNA;29
30;LUIZA;29
30;FELICJA;29
30;EMMA;29
30;FRANCISZKA;28
30;JANINA;27
30;ZLATA;27
30;IDA;26
30;JADWIGA;25
30;SOFIIA;25
30;MALWINA;25
30;PAULINA;25
30;ELENA;24
30;DOROTA;24
30;OLIVIA;23
30;LILIA;23
30;KLAUDIA;22
30;MONIKA;22
30;RITA;22
30;ADA;22
30;ALISA;21
30;EVA;20
30;LEA;19
30;ADELINA;19
30;LIDIA;18
30;DARIA;17
30;SANDRA;17
30;LILA;17
30;JUSTYNA;16
30;PATRYCJA;16
30;LARA;16
30;KAMILA;15
30;POLINA;15
30;VANESSA;15
30;LUNA;15
30;TOLA;15
30;ALINA;15
30;NOEMI;14
30;KIRA;14
30;ELŻBIETA;13
30;NIKOL;13
30;CARMEN;13
30;LIVIA;13
30;TERESA;13
30;VIKTORIA;12
30;AURORA;12
30;KONSTANCJA;12
30;INGA;12
30;MARIKA;11
30;INES;11
30;JULIANNA;11
30;SOLOMIIA;11
30;EWELINA;10
30;SONIA;10
30;FLORENTYNA;10
30;ARINA;10
30;IRENA;10
30;AGNIESZKA;10
30;LARYSA;10
30;ADELA;10
30;MELISA;10
30;DAGMARA;9
30;GLORIA;9
30;VERONIKA;9
30;MARIIA;9
30;ESTERA;9
30;KRYSTYNA;8
30;LETYCJA;8
30;AMANDA;8
30;LUCYNA;8
30;OTYLIA;8
30;LILI;8
30;NICOLA;8
30;MARCJANNA;8
30;EMILIIA;8
30;VICTORIA;8
30;DALIA;7
30;SOLOMIA;7
30;INEZ;7
30;LILY;7
30;KARINA;7
30;IZABELLA;7
30;ANASTASIA;7
30;VIKTORIIA;7
30;OLA;7
30;KLEMENTYNA;7
30;NELIA;7
30;MILA;7
30;NATASZA;6
30;INKA;6
30;MARLENA;6
30;PAULA;6
30;STELLA;6
30;LEONIA;6
30;HALINA;6
30;YEVA;6
30;ELINA;6
30;BOGNA;6
30;FAUSTYNA;6
30;ROKSANA;6
30;SABINA;6
30;JÓZEFINA;6
30;MICHELLE;6
30;LAILA;6
30;TAMARA;6
30;ELIZABETH;5
30;DANUTA;5
30;EVELINA;5
30;VALERIIA;5
30;ABIGAIL;5
30;MELISSA;5
30;OKTAWIA;5
30;HIACYNTA;5
30;ANGELINA;5
30;LILLY;5
30;MAYA;5
30;VARVARA;5
30;NAOMI;5
30;ANITA;4
30;CECYLIA;4
30;MARCELA;4
30;EMILY;4
30;JUDYTA;4
30;FLORA;4
30;ARIANA;4
30;MIJA;4
30;IDALIA;4
30;EMILI;4
30;JOWITA;4
30;MARIETTA;4
30;WANESSA;4
30;LEILA;4
30;ANASTASIIA;4
30;VALERIA;4
30;ZOYA;4
30;MELANIIA;4
30;DAJANA;4
30;SOFIYA;4
30;SOPHIE;3
30;VIOLETTA;3
30;HALSZKA;3
30;ROSE;3
30;ADEL;3
30;JOLANTA;3
30;NADZIEJA;3
30;DARYNA;3
30;ARIANNA;3
30;NICOL;3
30;STANISŁAWA;3
30;AMINA;3
30;NICOLE;3
30;SAMANTA;3
30;MARITA;3
30;ARIA;3
30;ELEONORA;3
30;GRACJA;3
30;EDYTA;3
30;SOFIJA;3
30;ANTONIA;3
30;JULITA;3
30;JAGIENKA;3
30;LEOKADIA;3
30;ZOE;3
30;HANA;3
30;JANA;3
30;ANHELINA;3
30;ALISIIA;3
30;KAMELIA;3
30;MIRA;3
30;NELL;3
30;NELLY;3
30;OLEKSANDRA;3
30;VERONICA;3
30;MYROSLAVA;2
30;ŻANETA;2
30;ORIANA;2
30;SARAH;2
30;ZORIANA;2
30;GRETA;2
30;FLORENCJA;2
30;LIA;2
30;ISABELLA;2
30;AMALIA;2
30;ZŁATA;2
30;MIROSLAVA;2
30;KSENIA;2
30;SOPHIA;2
30;ILONA;2
30;TULIA;2
30;YANA;2
30;LEAH;2
30;ALICIA;2
30;FILOMENA;2
30;MELODY;2
30;LIYA;2
30;IVANNA;2
30;TAISIIA;2
30;LANA;2
30;ELIANA;2
30;OLENA;2
30;CHARLOTTE;2
30;WALERIA;2
30;RACHELA;2
30;HONORATA;2
30;ZLATOSLAVA;2
30;ELLA;2
30;AFINA;2
30;BOŻENA;2
30;ASTRID;2
30;MIYA;2
30;OFELIA;2
30;ROMY;2
30;LEONA;2
30;ZARINA;2
30;TATIANA;2
30;ROSA;2
30;MALIA;2
30;ILARIA;2
30;REGINA;2
30;CHIARA;2
30;KATIA;2
30;YASMIN;2
30;AISHA;2
30;PRINCESSA;2
30;VLADYSLAVA;2
30;NADIIA;2
30;YULIA;2
30;AMELIIA;2
30;ELWIRA;2
30;IRMINA;2
30;SYLWIA;2
30;DOBRAWA;2
30;ANASTASIYA;2
30;YELYZAVETA;2
30;LIKA;2
30;VIVIEN;2
30;LIJA;2
30;GABRIELLA;2
30;MARZENA;2
30;MIKA;2
32;HANNA;216
32;ZOFIA;206
32;MAJA;178
32;POLA;178
32;ZUZANNA;171
32;LAURA;170
32;JULIA;164
32;OLIWIA;143
32;ANTONINA;125
32;KLARA;117
32;ALICJA;115
32;MICHALINA;115
32;LENA;113
32;MARIA;106
32;MARCELINA;96
32;AMELIA;91
32;NELA;91
32;LILIANNA;87
32;WIKTORIA;86
32;LILIANA;85
32;HELENA;80
32;IGA;71
32;ALEKSANDRA;66
32;GABRIELA;66
32;MIA;66
32;JAGODA;64
32;NADIA;64
32;ŁUCJA;64
32;BLANKA;63
32;KAJA;62
32;EMILIA;61
32;ANASTAZJA;60
32;ANNA;56
32;KORNELIA;52
32;RÓŻA;46
32;NINA;44
32;AURELIA;43
32;NATALIA;43
32;ROZALIA;36
32;BARBARA;35
32;SARA;34
32;JAŚMINA;34
32;KAROLINA;32
32;NIKOLA;31
32;GAJA;31
32;ANIELA;29
32;MATYLDA;27
32;ZOJA;26
32;WERONIKA;25
32;LIWIA;25
32;MARTYNA;25
32;KALINA;25
32;SOFIA;24
32;MILANA;24
32;MILENA;23
32;BIANKA;23
32;MARIANNA;23
32;DIANA;22
32;MALWINA;21
32;IDA;19
32;ADRIANNA;18
32;ELIZA;18
32;KATARZYNA;17
32;MAGDALENA;17
32;URSZULA;17
32;NEL;17
32;LARA;16
32;EMMA;16
32;IZABELA;16
32;JOANNA;15
32;LIDIA;15
32;APOLONIA;15
32;ADELINA;15
32;MELANIA;14
32;LILA;14
32;STEFANIA;14
32;DOMINIKA;13
32;DARIA;13
32;ALISA;13
32;EWA;13
32;ELENA;13
32;LILIA;13
32;SOFIIA;13
32;MARTA;12
32;KINGA;12
32;CELINA;12
32;MAŁGORZATA;12
32;MARIIA;11
32;FELICJA;11
32;KLAUDIA;11
32;PATRYCJA;10
32;LEA;10
32;CARMEN;9
32;EVA;8
32;VIKTORIA;8
32;ADA;8
32;LIVIA;8
32;NOEMI;8
32;WANDA;8
32;EMILIIA;8
32;INEZ;8
32;PAULINA;8
32;OLIVIA;7
32;VERONIKA;7
32;DALIA;7
32;MALINA;7
32;AGATA;7
32;KIRA;7
32;LUIZA;7
32;ALINA;7
32;POLINA;7
32;ZLATA;6
32;ARINA;6
32;JAGNA;6
32;NIKOL;6
32;VICTORIA;6
32;AURORA;6
32;INES;6
32;FLORENTYNA;6
32;INKA;6
32;INGA;6
32;EWELINA;5
32;JUSTYNA;5
32;NASTIA;5
32;MICHELLE;5
32;SOLOMIIA;5
32;MARIKA;5
32;ROKSANA;5
32;MILA;5
32;VANESSA;5
32;ESTERA;5
32;KATERYNA;4
32;SOLOMIA;4
32;JANA;4
32;FRANCISZKA;4
32;MONIKA;4
32;LILLY;4
32;LIA;4
32;ARIANA;4
32;GLORIA;4
32;SANDRA;4
32;ADRIANA;4
32;OLGA;4
32;JANINA;4
32;KONSTANCJA;4
32;ELŻBIETA;4
32;ULIANA;4
32;PAULA;4
32;LINDA;4
32;YAROSLAVA;4
32;KAMILA;4
32;DOROTA;4
32;NELIA;4
32;NICOLA;4
32;SONIA;4
32;MAYA;3
32;LILY;3
32;LETYCJA;3
32;VARVARA;3
32;CLARA;3
32;JULITA;3
32;ANTONIA;3
32;JADWIGA;3
32;JOWITA;3
32;SELENA;3
32;LEILA;3
32;RITA;3
32;ANASTASIA;3
32;VALERIIA;3
32;TOLA;3
32;LUCYNA;3
32;AGNIESZKA;3
32;JULIANNA;3
32;OKTAWIA;3
32;OLIVIIA;3
32;LUNA;2
32;KARINA;2
32;DANIELLA;2
32;HONORATA;2
32;ELISA;2
32;ERIKA;2
32;ALENA;2
32;PHOEBE;2
32;VALENTINA;2
32;ADELA;2
32;ANITA;2
32;EMILI;2
32;ISABELLA;2
32;KLEMENTYNA;2
32;VALERIA;2
32;LARYSA;2
32;ZOYA;2
32;IRENA;2
32;MARCJANNA;2
32;MARLENA;2
32;FLORENCJA;2
32;ARIA;2
32;SOPHIA;2
32;BELLA;2
32;MIRELLA;2
32;ADEL;2
32;ELEONORA;2
32;LILI;2
32;LEYLA;2
32;OLA;2
32;DARYNA;2
32;JÓZEFINA;2
32;DAGMARA;2
32;EVELINA;2
32;MIROSLAVA;2
32;ALICE;2
32;SOFIJA;2
32;EMILY;2
32;YANA;2
32;MIYA;2
32;ANASTASIIA;2
32;SABINA;2
32;NICOLE;2
32;ZOE;2
32;KORA;2
32;NOA;2
32;JUDYTA;2
32;MELISSA;2
32;YELYZAVETA;2
32;MIROSŁAWA;2
32;KRYSTYNA;2
32;SIENNA;2
32;VIKTORIIA;2